m,T,N,noise,Sample Entropy Position,Sample Entropy Velocity,Sample Entropy Acceleration,Std Position,Std Velocity,Std Acceleration
2,0.01,100,1000,0.028514464822002074,0.05699914332366639,0.6475600358506365,0.03535053966110545,0.0752240303981508,0.2655115019396059
2,0.01,100,2000,0.0221217836594622,0.04800071998363488,0.629628333458523,0.029339537834774967,0.06098597619209105,0.186650429269662
2,0.01,100,5000,0.024355157015822693,0.06895268206147766,0.6788526016089298,0.029263541698775646,0.07883509765146277,0.23440537827550445
2,0.01,100,10000,0.026576312926958664,0.07046654668770629,0.7094726656861124,0.03450403674425359,0.07328735198884045,0.24004813248161475
2,0.01,500,1000,0.0054546812105536,0.011029129273905036,0.2989395436962273,0.006548797092855906,0.013275877577162214,0.13958274830215425
2,0.01,500,2000,0.005213541347558465,0.009839046097129182,0.3012903581778649,0.007270162581452872,0.013891064806284676,0.1525929261411047
2,0.01,500,5000,0.004607676681693895,0.01109365885471605,0.2994449826845981,0.007105778599977224,0.014758076978224509,0.13447931419257478
2,0.01,500,10000,0.00415734990396385,0.010502365454535987,0.3550596757108036,0.00699982033699536,0.01548839919786123,0.1574245822216394
2,0.01,1000,1000,0.002374710197941716,0.006479487585381459,0.2505285914402546,0.0025090796601166727,0.007626530471375441,0.13385203922371863
2,0.01,1000,2000,0.003193231488610147,0.005756596162147664,0.17612370865511326,0.004235211673218153,0.005779200290973556,0.09099721932859328
2,0.01,1000,5000,0.0022296704275666544,0.005586070174172713,0.21748114390921378,0.003075021318884998,0.0066843857457137305,0.11068371232660254
2,0.01,1000,10000,0.0026845653236988393,0.006380769502873763,0.21135383759335918,0.003269258100560401,0.007639102411751203,0.095234487686018
2,0.01,2000,1000,0.0011170949631465071,0.0019305217618345197,0.15288038251602434,0.0013781416418408667,0.0028182848158534407,0.07925642402286444
2,0.01,2000,2000,0.0010496972061728631,0.002100123320152514,0.14554689022875372,0.0014452972931454124,0.003011138564671817,0.0807189695773556
2,0.01,2000,5000,0.0012481144688131613,0.0029232046006425656,0.1483964318196691,0.001682709437554282,0.0028257638901024607,0.07988969152229246
2,0.01,2000,10000,0.0010416793027683679,0.0018786902497275962,0.14282166707649682,0.0011064187154651926,0.0025203702979781084,0.06925551482442069
2,0.1,100,1000,0.016172107254920964,0.0542681126267496,0.6309837882315691,0.018123412113528144,0.07721690461608265,0.23125817962150833
2,0.1,100,2000,0.03210426284499919,0.06025294643898615,0.6606773611237672,0.04084690843483522,0.07407255371849428,0.21571567293629884
2,0.1,100,5000,0.029136802531664393,0.05775354361567708,0.6603494320061815,0.04282532827769904,0.08816640973520276,0.2592955989606322
2,0.1,100,10000,0.028027879520009624,0.06990011281865115,0.6848929504244856,0.039009455040920356,0.07534763528567782,0.24578868375566235
2,0.1,500,1000,0.0029705587458126095,0.009231801283389384,0.33106700620920065,0.001955209537323214,0.01218116056949511,0.15226517891563712
2,0.1,500,2000,0.0054097186271206766,0.011805067281500388,0.3087516657310929,0.00927208014965815,0.01868035505808684,0.14941183527563223
2,0.1,500,5000,0.0056902069517714045,0.012410602988418569,0.35245767026039426,0.00760285635960875,0.012571752183870685,0.1514249038160232
2,0.1,500,10000,0.003932547694975498,0.010086628474308199,0.31888579704970915,0.0035631491768096345,0.011621354247682798,0.1315115067701923
2,0.1,1000,1000,0.0027213547204831745,0.005388971594933401,0.23516308368769118,0.003369562811940046,0.0052003973652321595,0.10697272190495266
2,0.1,1000,2000,0.0015425417379388256,0.004467165657938196,0.22615862249911672,0.0011945784438988486,0.005308269238697186,0.10970456485717428
2,0.1,1000,5000,0.0023424015444274203,0.004585899389524316,0.18023695620379937,0.0031245036471594986,0.00452332714410618,0.09505239443166606
2,0.1,1000,10000,0.002979041014816246,0.004021329101439872,0.19850955329061812,0.0042157596470198105,0.004447786784722538,0.11271738991022386
2,0.1,2000,1000,0.0010527226440659749,0.002280421249323418,0.15167546239702903,0.0011931629753556946,0.0031091572884763812,0.07443051185776592
2,0.1,2000,2000,0.0011022296339874044,0.0031738310513642165,0.14375814203474416,0.001374230249436752,0.003447375014757663,0.06731302528618624
2,0.1,2000,5000,0.001208986509790239,0.002053698724086991,0.13489442250706202,0.001468389310760074,0.002287013376485105,0.07072053545848786
2,0.1,2000,10000,0.0011020190824450877,0.0026390124720484785,0.13882787007952996,0.001405839147418452,0.0028287138656027263,0.05777035633451006
2,0.5,100,1000,0.026172779852250954,0.052373607773861075,0.6449214836179125,0.0429471581420163,0.06394105873106362,0.2461613671196734
2,0.5,100,2000,0.029320266913299458,0.06435472473770319,0.6555037608204498,0.040790615884431204,0.07576626381839952,0.2272292205259537
2,0.5,100,5000,0.02185537345000386,0.06156321051707195,0.6730221417270239,0.029423202404980402,0.07769611059207278,0.24193978517984666
2,0.5,100,10000,0.024201265433918505,0.05093014930688126,0.6260065744232596,0.02871979610212725,0.06968660884985366,0.21721728656801959
2,0.5,500,1000,0.005355484755406481,0.010048103975053825,0.35306644722205477,0.006840154907791569,0.011640249202505419,0.1524351557958066
2,0.5,500,2000,0.005338030116893896,0.01185983251613174,0.3539021414197175,0.006429077645094797,0.011337128621690621,0.1591997808938808
2,0.5,500,5000,0.004428587861910604,0.00903708672465052,0.297583822390222,0.005297576329731253,0.010909753126514113,0.13708297179810727
2,0.5,500,10000,0.0053709808770743585,0.008685876052835124,0.28914782298549896,0.007634394056957251,0.01031729426201352,0.13654386966914364
2,0.5,1000,1000,0.002376291790070617,0.004726378489982956,0.21453712697903754,0.003103600998371073,0.007807453822436375,0.11362931525821178
2,0.5,1000,2000,0.002553632551524778,0.0057510605767053646,0.20649808719918308,0.003833534663669675,0.00696896607330851,0.09583989264651249
2,0.5,1000,5000,0.0023563883742953274,0.005524753824226386,0.2102410188044999,0.0025098021923512506,0.005259779517194955,0.1090115881209944
2,0.5,1000,10000,0.0022338335425425766,0.0043742520776477965,0.23846785076329471,0.002603177923156923,0.004863156068951051,0.11595038889984559
2,0.5,2000,1000,0.0011443601811879423,0.0020849182292980266,0.154666829247888,0.001403244924506325,0.0024397443027996905,0.0679989849458505
2,0.5,2000,2000,0.0010880665630175026,0.002209069284335367,0.16007912351465517,0.0012583307949195455,0.0024858503436688147,0.08906381535162859
2,0.5,2000,5000,0.0010851365237085479,0.002100660167427767,0.15223417998257638,0.001481739726666421,0.0025691141689787225,0.07088461941245325
2,0.5,2000,10000,0.0010783629542550784,0.0021802107239139892,0.1415513424412662,0.0011320754352979138,0.0024072780599545705,0.06609823406618368
2,1.0,100,1000,0.024287612069251688,0.035454914520027955,0.6833480212732138,0.03432975950641649,0.0423262056181974,0.22862845441078397
2,1.0,100,2000,0.026884852061046606,0.05216077616559299,0.6001063546338297,0.03931691404696642,0.06631350342742491,0.22321107939642806
2,1.0,100,5000,0.018678393203707674,0.05076589850382162,0.6680112188584174,0.019844395552718698,0.07467353187672866,0.2571100825450508
2,1.0,100,10000,0.01855146748166558,0.051712834811070224,0.6573162335985251,0.019948990907657307,0.0669696012723361,0.22736349690769653
2,1.0,500,1000,0.004505580077810538,0.009947575957591558,0.299530622775645,0.00510116241038702,0.012687739194695513,0.13553987358875433
2,1.0,500,2000,0.004349683105665598,0.009591764090201727,0.32405433960308455,0.00521246348010216,0.011253165193180809,0.14344466314797116
2,1.0,500,5000,0.004576081577142498,0.007588976652627883,0.32904701158118355,0.0057709532236865325,0.00845981838172456,0.13292360827485747
2,1.0,500,10000,0.0054553464832689325,0.008936530267225155,0.3193385816986665,0.006221604116777963,0.010064511852094418,0.10908724273680047
2,1.0,1000,1000,0.002901660087984691,0.005241233906974243,0.22138197729889686,0.004445999188231648,0.007449243530679908,0.1106779549626823
2,1.0,1000,2000,0.0020824154373694738,0.004365206197929653,0.19627148344826711,0.0022574497643937765,0.005057012832704017,0.10864905797949759
2,1.0,1000,5000,0.0024573556980916917,0.004943163950909446,0.2088492367361589,0.003026678747693336,0.006378351189522991,0.09073640047526679
2,1.0,1000,10000,0.0020449139944072204,0.003999604967936229,0.20348385330328866,0.0030784274226215063,0.004424091825021429,0.09657556094355806
2,1.0,2000,1000,0.0008563223542706577,0.0020560355172543816,0.14387700992272762,0.0009222847124977166,0.0028304580491230916,0.05768391647508692
2,1.0,2000,2000,0.0011480406180539805,0.00238019758587603,0.1478017459336734,0.0013026581324086194,0.0026077685076179853,0.0761568896604512
2,1.0,2000,5000,0.0012531069595172644,0.002691050860287667,0.16032990932383037,0.0019372759662831518,0.003982248236818247,0.08505990190069052
2,1.0,2000,10000,0.001159376718658497,0.0023674426078800974,0.13687034401714424,0.0014082061110169573,0.0024047881486446918,0.07043864004431502
2,10.0,100,1000,0.03180524716981688,0.0815036604383243,0.7357724595223594,0.05352252378697146,0.10343678681896416,0.2552705732023698
2,10.0,100,2000,0.016929180136033367,0.048815385369399084,0.6234471588088415,0.020193676667278268,0.07422500254134405,0.2387803129590027
2,10.0,100,5000,0.02722824332899371,0.054970322284434034,0.6406647388630603,0.0336515243095953,0.06498221706630385,0.22594252698063777
2,10.0,100,10000,0.024291733704049193,0.06814913846540813,0.645449074392957,0.037852426466534826,0.07431023828032733,0.2183488853399894
2,10.0,500,1000,0.005536992112378692,0.012967760189637224,0.3379221567880954,0.009855516366631597,0.016039718608180462,0.14810124259581703
2,10.0,500,2000,0.0045976331285614725,0.01637931852276439,0.3243179877114559,0.006351321085034185,0.017492440014290234,0.14487426042613266
2,10.0,500,5000,0.004151695090077874,0.009479714618239814,0.31592089556322756,0.0049201391184624035,0.01202175243222729,0.14329750695732563
2,10.0,500,10000,0.003978636309083837,0.01049385363075566,0.33488325724324974,0.004535950651851826,0.011191837052827594,0.12926542894346896
2,10.0,1000,1000,0.002227065474084925,0.005137615320587128,0.21669095762660415,0.002520537458058047,0.005898048617005515,0.10380686257059053
2,10.0,1000,2000,0.0020241752665135834,0.0035282645841887,0.21994557282890603,0.0026373421579545197,0.0042082619576971824,0.08814213856167755
2,10.0,1000,5000,0.0024043216669729695,0.0038119370877572156,0.2008725436803009,0.003117871883524666,0.003928025176972873,0.10028461777033473
2,10.0,1000,10000,0.0020367621759659737,0.004076743347261572,0.2280530737747355,0.0027375815681580174,0.004866623276844924,0.12327804106722341
2,10.0,2000,1000,0.0013265180069916489,0.0021530588256022283,0.15165940254526927,0.0016155427568674897,0.0025191578179939093,0.0811678310936568
2,10.0,2000,2000,0.0011955852438660557,0.002897886755919803,0.13592543009895072,0.001288101722882202,0.0035892841828653295,0.06677994920674185
2,10.0,2000,5000,0.0014453849939595135,0.0029918037305382344,0.15209785742714987,0.0018055750743824223,0.0031048916036542583,0.06902035121102051
2,10.0,2000,10000,0.0013001731686190364,0.0021820535874237184,0.1506706844205721,0.0017032010275785457,0.0024074074068089458,0.08378825261672113
3,0.01,100,1000,0.02627529860294796,0.04608958499607767,0.608633602825015,0.032733981063456805,0.05123456061321472,0.19244892548736228
3,0.01,100,2000,0.024564847897097994,0.05530357545323807,0.5967494449412943,0.03022439370414326,0.0570408759413602,0.20626735284890926
3,0.01,100,5000,0.028375789045936135,0.05602047169826893,0.5571892990775104,0.036661856078770844,0.07122923433661953,0.194738709507207
3,0.01,100,10000,0.03083661442065451,0.05650980939910979,0.6335204307529628,0.044032534316104,0.06723635732011167,0.2559571823413246
3,0.01,500,1000,0.005400236815439591,0.010268027073763312,0.3064593729573267,0.007856752318212335,0.011573907161251151,0.1375222030820367
3,0.01,500,2000,0.004398281882847463,0.008853904687469001,0.34723693439560277,0.005677612232877091,0.007898191854229275,0.17049490789203312
3,0.01,500,5000,0.005133737236635915,0.010652168958768384,0.3490961832541208,0.00724115704849892,0.012434019749798055,0.1493459558832766
3,0.01,500,10000,0.005254059713808573,0.009079112871849872,0.28123465013304805,0.007191003290153002,0.013526927728764113,0.12332989278087683
3,0.01,1000,1000,0.0018265504814718972,0.005819651590809862,0.2523558512581212,0.0028593110498970594,0.006918070940734945,0.10545590078859686
3,0.01,1000,2000,0.0016635471391369435,0.0021800289047662915,0.19083632312467347,0.0017102877139196127,0.00287823658551075,0.08236825117759906
3,0.01,1000,5000,0.0014852620268306022,0.004234968732749535,0.20628549875783844,0.0015031865208341398,0.00493332481169941,0.11453842369633734
3,0.01,1000,10000,0.0026002737637017275,0.004362270488966961,0.20815475211642462,0.002934112640452164,0.004536771298727888,0.10245594879731407
3,0.01,2000,1000,0.0013666762166843886,0.0023000172303737666,0.14869857851019633,0.0018257287854203585,0.0025053261777437837,0.07328834580740921
3,0.01,2000,2000,0.0012576249484843524,0.0024693810544539454,0.13180705281535718,0.0012791456842634337,0.00280442987461233,0.05390529674936292
3,0.01,2000,5000,0.0008707687672946413,0.0022891338666365395,0.1331561658435389,0.0008758676613039474,0.003038311211448386,0.07171955085989092
3,0.01,2000,10000,0.0009134834349335891,0.002786664954384869,0.14379594852159908,0.0013785664186147628,0.0037776593855078306,0.06996800896074652
3,0.1,100,1000,0.027384262651997882,0.05363270862343492,0.5738953212496937,0.035026187093768084,0.05908272592288278,0.19453204228051046
3,0.1,100,2000,0.01494035683765648,0.031253376951298345,0.5826814275892104,0.009439032463433996,0.039463950989703185,0.2166671431930397
3,0.1,100,5000,0.0312249717684262,0.05341376335407897,0.6201304490288093,0.038083765302792255,0.06416055735384887,0.17123943014332318
3,0.1,100,10000,0.022560648632670315,0.05625452954108343,0.5602501620398417,0.02739276749245881,0.0697525654407985,0.1946443026692135
3,0.1,500,1000,0.0054627208458318584,0.010931345000317609,0.3321436213156609,0.005920198908356063,0.011038100605759807,0.1319031053216525
3,0.1,500,2000,0.006088990425222704,0.013192325822374586,0.28600879161853926,0.00611496292334388,0.015848506994069214,0.12610451984807988
3,0.1,500,5000,0.003947012820788743,0.007099234736708015,0.3524555485230264,0.004880262628745018,0.008069702262988095,0.16298860728041129
3,0.1,500,10000,0.006159729173977645,0.009584057936619697,0.3230090631719814,0.007406030607800849,0.01218433320418186,0.18211047415181145
3,0.1,1000,1000,0.002939642578482177,0.006735623910132263,0.2237880977550368,0.0040469663451052915,0.007784512276599658,0.11745471462384151
3,0.1,1000,2000,0.0026592743909675254,0.003980768710977623,0.20656288143578258,0.003299808114265989,0.005825446728020141,0.10420221376335904
3,0.1,1000,5000,0.001971752103207962,0.004347330118253685,0.23786866011104243,0.002505152228506273,0.00520743093825864,0.11682720330841521
3,0.1,1000,10000,0.0031979196861824087,0.005948132908135908,0.19878508475882156,0.004201583638524781,0.006680684389833327,0.0969335389175623
3,0.1,2000,1000,0.0011178294717879521,0.002594661193300699,0.14540272151151248,0.0017697975636096692,0.003120130601872448,0.07482875629885459
3,0.1,2000,2000,0.0014698116706767697,0.0030819112783329657,0.1559202849522746,0.0025773762695320943,0.003450185050259822,0.07689221038285947
3,0.1,2000,5000,0.0009222043001660385,0.0023401219919608044,0.14052547132729715,0.0012298078823219523,0.0027704294844903563,0.06760500296482785
3,0.1,2000,10000,0.001430474652238388,0.0021084701117536266,0.12637061032297964,0.0016793326331632245,0.002024648864567477,0.059790947399122336
3,0.5,100,1000,0.024112737275414804,0.03562215121541414,0.5976282053355714,0.029780627240820017,0.044216380941733864,0.20733373962958843
3,0.5,100,2000,0.015125030231149006,0.0447248644622841,0.5419854836829079,0.0106390223126173,0.05759280707394977,0.22504183929888708
3,0.5,100,5000,0.015503450177099056,0.041682755980723754,0.6672598921424218,0.011926862646478383,0.04616609855356443,0.27214074550875034
3,0.5,100,10000,0.019746056701676482,0.04439615605330789,0.5668548487889061,0.018778377962727324,0.06348681886498696,0.21777616310330344
3,0.5,500,1000,0.003889653229498078,0.009157545951875462,0.35724067724744735,0.005239547925878922,0.013316123807634465,0.15825933860953673
3,0.5,500,2000,0.0046190587412551195,0.009513899882230557,0.3417619954133362,0.007051887052932672,0.011865455233365527,0.146918366022912
3,0.5,500,5000,0.00570702118439873,0.013514078601400486,0.3323260177882728,0.007185876259766035,0.01608980246869507,0.1471412469181652
3,0.5,500,10000,0.0034226482811239595,0.007416192353115259,0.3423999217186676,0.005824984043960025,0.009266851031153696,0.1610775095533877
3,0.5,1000,1000,0.0029357803214270627,0.005363638359078025,0.19952905997853826,0.0041244987455618725,0.007624101418078572,0.08879825010410805
3,0.5,1000,2000,0.002557604916108476,0.004717675026977547,0.223035906532631,0.0033579736774493395,0.006680987474809811,0.11863035815209846
3,0.5,1000,5000,0.002332835048914465,0.004666839340885989,0.20575038899115033,0.00272371644157298,0.0048325655420794035,0.0984652148973446
3,0.5,1000,10000,0.0028158015220379855,0.00631477540266634,0.20597826816345907,0.0033894340693572432,0.008384294243107247,0.11548152798550934
3,0.5,2000,1000,0.0009154709238638339,0.002157638003222779,0.14922931834642117,0.0013497951993325535,0.0024203182938631012,0.08367888933633826
3,0.5,2000,2000,0.0010519403051861666,0.0018497892579242066,0.13912574368152064,0.0013208126261489146,0.0022593721215213836,0.06997200921014272
3,0.5,2000,5000,0.0012923737042315022,0.00248829998953186,0.14616954816657718,0.0013761513870688424,0.0029533695697739368,0.0842093605241584
3,0.5,2000,10000,0.0014338470746197698,0.0021398962426350753,0.12857099109738235,0.0019004095887925493,0.002180137908371164,0.07205228689380855
3,1.0,100,1000,0.02305412566526631,0.04044945364688316,0.5948546814337569,0.025386434832322592,0.04495143635511426,0.21358474922618564
3,1.0,100,2000,0.02251526319150013,0.051634370506823686,0.6150285743273943,0.0294241384487424,0.055021172723519925,0.24139496299223168
3,1.0,100,5000,0.019477706568105702,0.0404385398395922,0.5858772949800141,0.023109261778128203,0.05205336616051154,0.18402638963166804
3,1.0,100,10000,0.021797414910223852,0.049219674781953035,0.5946568639247474,0.024103974597785065,0.05835799042117002,0.21897216784791082
3,1.0,500,1000,0.0041332159870333006,0.0147424938262225,0.33737713887582843,0.004285602343707356,0.019203692909702332,0.12904603440358442
3,1.0,500,2000,0.005552287089870461,0.01053901101122086,0.3134647937505073,0.0077649995898283,0.011375899066081475,0.15353310865909106
3,1.0,500,5000,0.004836271280736179,0.010932157192194042,0.31598024277316084,0.006086530443196392,0.016808513725773088,0.1542018208950276
3,1.0,500,10000,0.005063536629523301,0.009471197004660703,0.31123894013421916,0.007531135814868762,0.012269170748965538,0.15659826752504202
3,1.0,1000,1000,0.0022633871316143626,0.005155088854349008,0.23492468065332342,0.0028598016219219566,0.0074622786948028595,0.13128488651476655
3,1.0,1000,2000,0.002263407183925741,0.005849610970932162,0.2100182491537273,0.0028280625234249263,0.005532661283603668,0.11073367445763892
3,1.0,1000,5000,0.002361853400163141,0.00510630536367038,0.23627250023146812,0.0028424345567224607,0.005746389336410402,0.11771729483848603
3,1.0,1000,10000,0.0033756158884117923,0.006452292903674121,0.2106764821993373,0.004169132420083107,0.0077900266363688945,0.10044363148909166
3,1.0,2000,1000,0.0014809441461974121,0.0034516967053269143,0.16037463552115028,0.002075674093617889,0.004377149576410461,0.08277570044258484
3,1.0,2000,2000,0.0010589634258702362,0.002498628618101825,0.13442580491547523,0.0012086205665839996,0.0030470264810505097,0.08550799015415038
3,1.0,2000,5000,0.0009300103151427369,0.002461972448285637,0.16952344936884903,0.0012736992491549559,0.0031265014071759144,0.08806938616123632
3,1.0,2000,10000,0.0009975976630523865,0.0025343555119755846,0.15064716094690073,0.0011051801776828373,0.0028542502739516604,0.07403411080119152
3,10.0,100,1000,0.020547913814186174,0.0507152077909942,0.6276889700437772,0.026143064562862937,0.056308889700268795,0.25450737504244086
3,10.0,100,2000,0.026634713734802973,0.061611214829757135,0.5640099482622436,0.030061572455767627,0.0581491794289036,0.18064699813652105
3,10.0,100,5000,0.02226021556421382,0.03955115560431497,0.5684312559921634,0.023645527567337583,0.044372059783029556,0.2258034702898626
3,10.0,100,10000,0.02743705690657232,0.05411998606651987,0.5194602516137343,0.03414891812080542,0.06088248710180423,0.21385805180531525
3,10.0,500,1000,0.003604508985158886,0.008722365129118075,0.3359280747721175,0.004610433118096645,0.011332143599830044,0.1436649673268333
3,10.0,500,2000,0.004121364131114798,0.011842275680610716,0.3423239636552061,0.0061327368926155515,0.0120719272373087,0.16991793718027212
3,10.0,500,5000,0.004484877470069825,0.011493528506685034,0.3151721684865604,0.006000078301866221,0.015360437592743328,0.14486139807426773
3,10.0,500,10000,0.004428885834383285,0.008224793593084234,0.3353346513316463,0.004675587723344188,0.009418365686890655,0.15015251329049345
3,10.0,1000,1000,0.0016183811440380908,0.004897835425793331,0.20889884833553282,0.0014030145918310988,0.006773647668738565,0.11951476858641713
3,10.0,1000,2000,0.001935804136609844,0.0037947947612171117,0.19684958685496812,0.0023346195800862573,0.004781671073235463,0.0944616149342972
3,10.0,1000,5000,0.002729979042368341,0.005313153841000222,0.2124688973805853,0.00338750463288876,0.004746706379180071,0.10691628705039369
3,10.0,1000,10000,0.002474386657563816,0.004414908484116759,0.19548119163669458,0.002827301633630312,0.004873126996866106,0.07517525299016081
3,10.0,2000,1000,0.0014950905677589101,0.0018449713165841456,0.13655066756857473,0.0018388218372358419,0.0022544448775468867,0.08061445375256648
3,10.0,2000,2000,0.001362591427616549,0.0032922326508114967,0.1337440630670552,0.001903313481803137,0.003788576983211925,0.0727470592344065
3,10.0,2000,5000,0.0010517932810364522,0.002295896643080213,0.1570824390048109,0.0014656863793717952,0.003122861587253724,0.08621833268364842
3,10.0,2000,10000,0.0009289985636705385,0.0019296218257242208,0.14890945057368593,0.000864839738845992,0.0022358020924358115,0.07794373951219793
10,0.01,100,1000,0.013714193998056876,0.01658546035341916,0.06859796357549146,0.007406575532746036,0.020545571268572593,0.11943129761235546
10,0.01,100,2000,0.012968798677976345,0.016291876838202747,0.08749396869427846,0.009736546202804277,0.02657391807870195,0.1311311175386717
10,0.01,100,5000,0.011364100168709104,0.009358175617795887,0.10690128337816,0.007133098432478104,0.015119072300556691,0.14251137006315626
10,0.01,100,10000,0.012206949259058589,0.012141387831845724,0.053079310761591614,0.006369738322399321,0.019513530492644763,0.08458634410874319
10,0.01,500,1000,0.004618602269700299,0.012005017268995248,0.213318187475627,0.006697854445592532,0.013788633331949292,0.07159620271342867
10,0.01,500,2000,0.005185045763561166,0.010452958332051114,0.22021243915929925,0.0064447966133498605,0.012080763843178263,0.07312686249387666
10,0.01,500,5000,0.004771212646723396,0.010805676415954821,0.221599385066509,0.007682161250547207,0.013808577598768024,0.0870692797697705
10,0.01,500,10000,0.004982615868678567,0.008977611783395486,0.18754500040978456,0.0060105909499064926,0.0113884450498515,0.10076486342977417
10,0.01,1000,1000,0.002119320124819271,0.004364038205666695,0.2002047066418525,0.003350704796432951,0.005642765471752806,0.0812326988982112
10,0.01,1000,2000,0.002293975465922832,0.004559694997267994,0.19467095310819407,0.0038753583650795783,0.006280263205991814,0.07879346017590796
10,0.01,1000,5000,0.002296606267689221,0.004806810462090281,0.18413886810108024,0.002941194692361169,0.006829205357127719,0.07643168778252606
10,0.01,1000,10000,0.0019475603381935117,0.0063221623257785605,0.17052337311292892,0.002212103845401943,0.006519950509678911,0.07728027388272013
10,0.01,2000,1000,0.0012979542173135745,0.0026138384445512034,0.12324183793064022,0.0018200521808690044,0.0035178366283797487,0.06416950811486623
10,0.01,2000,2000,0.0009706445080778742,0.001611540107009713,0.11988540890880778,0.0012645262628541228,0.0019220178942567809,0.07086331111792457
10,0.01,2000,5000,0.0012848900310915466,0.0029696078686890855,0.1372676322641979,0.001674053854368516,0.0032204105584602723,0.06768310746672246
10,0.01,2000,10000,0.0011591731018938214,0.003145309818677938,0.13518707228565585,0.0015438078741320314,0.004422516718136242,0.07271933284030815
10,0.1,100,1000,0.012241223436792136,0.014538789985943545,0.07303881897040805,0.009195909693992798,0.020720736239820636,0.1264051738898968
10,0.1,100,2000,0.013750935340977212,0.01703809944039408,0.06036017506550632,0.009996342912577063,0.02017873314252733,0.11091157506091959
10,0.1,100,5000,0.011705234410840341,0.014323660517284221,0.08170668433403237,0.00859791558423359,0.018860623683893015,0.14564628388913692
10,0.1,100,10000,0.010652699608172146,0.012196000379476223,0.05386533990850866,0.007785496548782609,0.019650002403701444,0.10691253317094389
10,0.1,500,1000,0.004064628855385773,0.010608164431691965,0.20671933709125953,0.005207313307669466,0.010827984654033389,0.06447747580281184
10,0.1,500,2000,0.003741506202300794,0.010346918237520627,0.20455554611144428,0.003712649398084804,0.011781609537347863,0.06441594538908284
10,0.1,500,5000,0.004903101025480149,0.011978576632805396,0.22183660108446257,0.00641492380882053,0.013531893588626233,0.0660033268591861
10,0.1,500,10000,0.004739464360695236,0.008883251255235211,0.19605951540066854,0.00705547916885216,0.011368540938779613,0.05821782675099379
10,0.1,1000,1000,0.002164516074614159,0.0050511715922836545,0.1864639251842786,0.0029974812617278956,0.006076890061627051,0.07085737433789024
10,0.1,1000,2000,0.003418113432836013,0.00611732235442393,0.17103492741680923,0.0041988392100443086,0.006878169378665907,0.07633222747234458
10,0.1,1000,5000,0.0025827263303387477,0.0041427863747227605,0.17079363808914377,0.0031439404751876575,0.00568748924965552,0.07869736869578993
10,0.1,1000,10000,0.0023414158447391314,0.005423485446782001,0.1924654268898421,0.002917030715253623,0.006535074115917915,0.06477909399604918
10,0.1,2000,1000,0.0012090749665446877,0.0026493974120217535,0.13636355829754573,0.0016115054549802128,0.0027435215506855736,0.06477619140196499
10,0.1,2000,2000,0.0014418533453938287,0.0023025169284144774,0.11473760262409764,0.002109724307256223,0.0029418723178252526,0.050680808799485964
10,0.1,2000,5000,0.001639819187271987,0.003059784635015362,0.1415596606889746,0.001981755392704344,0.003267188816827246,0.07959941036334497
10,0.1,2000,10000,0.000810856621359867,0.0023756385252192134,0.1423151555773416,0.0007611658863909296,0.002657270900569186,0.07312683091081792
10,0.5,100,1000,0.012039078812839695,0.015924482370217166,0.0924654992531864,0.008029716541469265,0.020623955915215857,0.1485489830964517
10,0.5,100,2000,0.012907478064960752,0.013435820553743429,0.08065471071708241,0.007937024679484109,0.02171793252185075,0.0978185714273166
10,0.5,100,5000,0.01009432446767228,0.01625302979077574,0.10236128256142592,0.00915049872681503,0.022134219436730905,0.12778442443044613
10,0.5,100,10000,0.011010196687840918,0.01680135831842791,0.030175093915276095,0.009395615607972516,0.024706581007351926,0.0843030359404625
10,0.5,500,1000,0.004611152015116058,0.009360931854343738,0.2117842544773021,0.005276797873159094,0.01037372050173465,0.05818605373754491
10,0.5,500,2000,0.007726500823325694,0.012652101852376009,0.1904413237808137,0.009328997076888938,0.012749480177249655,0.06723462053491085
10,0.5,500,5000,0.004378769257983564,0.012201433066065876,0.19931055873467532,0.005400893834332327,0.013842334857103863,0.06651510558201296
10,0.5,500,10000,0.0041420460466014995,0.009238284084667075,0.1992122611944361,0.005573942016857855,0.012504505412118432,0.0840126322833423
10,0.5,1000,1000,0.002267022322520167,0.0057953477386999165,0.19012797718028693,0.0032412399353254776,0.009368533949676364,0.07171973321954987
10,0.5,1000,2000,0.0015566071928093633,0.004067751179751664,0.16968325308225687,0.0010829883558023251,0.005683496162116619,0.0742642229245389
10,0.5,1000,5000,0.0024438460317979236,0.0055263207414335755,0.16188958370356846,0.0033418908788603015,0.006388872893295415,0.0824353786003122
10,0.5,1000,10000,0.003074014912468767,0.005022100930163837,0.18602891631941953,0.005428302730339032,0.006068691751871904,0.07846525961945242
10,0.5,2000,1000,0.0013556884890273718,0.002839887065603819,0.13032636420580646,0.0019861792447262525,0.0025002078279265432,0.06593299731405969
10,0.5,2000,2000,0.001023813083584354,0.0029846004907411587,0.14674267853550516,0.0012666970934818325,0.004047540089502607,0.07073255106086888
10,0.5,2000,5000,0.0014732439612360295,0.002971317569045515,0.13859632727335292,0.0018715360116697219,0.004546996755716565,0.07203139952169905
10,0.5,2000,10000,0.0010176855629632493,0.0024260717551390304,0.12786716726290737,0.0014150069895984326,0.0031258060884495915,0.07283106517250157
10,1.0,100,1000,0.009465575758058252,0.010074300472845884,0.10065728285697287,0.007374820465627243,0.01702938923536661,0.13674909139900596
10,1.0,100,2000,0.01040634683594891,0.013316434791231102,0.06472727439854598,0.007280159739535712,0.017827632821452746,0.11364527751697195
10,1.0,100,5000,0.01582773603506831,0.01722979457183772,0.030778497412699793,0.010061846192183336,0.02144879340450139,0.08052923506538139
10,1.0,100,10000,0.013172261979079896,0.012178579875326799,0.08769880105763644,0.007530521841973358,0.01551925996907895,0.1289347420355491
10,1.0,500,1000,0.004114573598953099,0.011153255330419309,0.197184704351876,0.004898714875381435,0.013652175147760298,0.07545757983439301
10,1.0,500,2000,0.003819774695334463,0.008839977340719873,0.20562664647151732,0.003732766512547218,0.011397170674401906,0.06993243761731287
10,1.0,500,5000,0.003981799303272099,0.010429821862553383,0.2130094132366615,0.005627804088656568,0.013843220334525537,0.07262685274710391
10,1.0,500,10000,0.0031551198753126996,0.00791011337550969,0.21491393208764975,0.004528963839216745,0.010755114118734123,0.0899516099916988
10,1.0,1000,1000,0.001734616403068344,0.004895330210147203,0.18349050213060664,0.0019267552236051787,0.005470093843262816,0.07910356855829394
10,1.0,1000,2000,0.002839032614979989,0.00672536891770338,0.20439531371789058,0.0035565898164026115,0.00973715592825124,0.0771483025869465
10,1.0,1000,5000,0.002761212403709212,0.005379462541713678,0.16058901958953534,0.0036917697211691046,0.005485684857454629,0.07593802288787405
10,1.0,1000,10000,0.002154462370765414,0.00563908892462143,0.18160028770483422,0.003947023012705141,0.0075625535393703544,0.06952107817806744
10,1.0,2000,1000,0.0015304412984596246,0.0026813422040572565,0.1358507332259227,0.0019778924292908335,0.0026353421334603428,0.05888793152781286
10,1.0,2000,2000,0.0007062898087669491,0.002428403534277217,0.12849293300716505,0.0010008980800281274,0.0031347866094272327,0.0673643038349149
10,1.0,2000,5000,0.0009841768213293628,0.00305567006406608,0.14043019984138758,0.0012263231959687723,0.003793489321630133,0.06843559762015215
10,1.0,2000,10000,0.0011999672122745997,0.002354576209874924,0.1441679551334384,0.0014259908029842614,0.002531846579250188,0.07074533696108881
10,10.0,100,1000,0.011627414274329206,0.016624785257164224,0.05594839856725034,0.008894511925634604,0.01975060957642141,0.0934246126383988
10,10.0,100,2000,0.01237201323593231,0.015277196648245273,0.06102592592994073,0.01002227886492476,0.02236344620984166,0.11927171792454835
10,10.0,100,5000,0.01246523944903677,0.011242376271012386,0.044951972862685874,0.008623973087058895,0.015730297404336974,0.11757431575897083
10,10.0,100,10000,0.013281108976351173,0.01539300120524013,0.03594456747170469,0.008336179765263475,0.01979592412314888,0.09040321298062022
10,10.0,500,1000,0.005812070716176055,0.010462074073019755,0.2050694113835132,0.006641109828291834,0.012272433894337655,0.07506069364553099
10,10.0,500,2000,0.004425768363144675,0.0069455164488309695,0.21019514944083909,0.00545852476066729,0.008097025355657893,0.08789017412943692
10,10.0,500,5000,0.003863225249320624,0.01129900453298083,0.21895030355848416,0.00647280306805525,0.01268293052376271,0.0718602729611435
10,10.0,500,10000,0.00287234038812566,0.010218097142357678,0.20304719747085365,0.0031781908297572863,0.01428215481107035,0.08446404322640878
10,10.0,1000,1000,0.0024000200023618808,0.004118274215026013,0.18463250592584426,0.003846021532993428,0.005547829179393436,0.07124946182014455
10,10.0,1000,2000,0.0024755027022722253,0.0063719989392135665,0.17122216220992267,0.0033800407554095005,0.00948395257176115,0.06012829245362053
10,10.0,1000,5000,0.0014564655881405624,0.003406165851894681,0.17369823393182535,0.001184263624554655,0.004047218814155248,0.06753045275140863
10,10.0,1000,10000,0.002522079287425036,0.005507568742381063,0.1745575356774439,0.003144599751069383,0.007792132845108065,0.07187581739245999
10,10.0,2000,1000,0.0013474019882689162,0.002358336249536108,0.12170514340127324,0.001862844765813365,0.0032856809081721044,0.07045313108227066
10,10.0,2000,2000,0.0010708610054149797,0.0024237753537310943,0.14327083225293824,0.0013319664215278473,0.0026013508722067913,0.06380326690793826
10,10.0,2000,5000,0.0010695069771755935,0.0018220485841364531,0.1097714405896496,0.0019871901700150535,0.0022190204848700663,0.057916239173413334
10,10.0,2000,10000,0.0011071677039971347,0.0027397741017132237,0.12388585160882089,0.0011926835087164203,0.0032908582114970107,0.06114078552319775
15,0.01,100,1000,0.007053470128895003,0.004595209278260472,0.02375352615564531,0.010208964645781141,0.014362052843561322,0.10603581099117246
15,0.01,100,2000,0.0075387041200336066,0.00851334985599976,0.0017525493406673792,0.008113506118515594,0.02177771534189346,0.054960577106495774
15,0.01,100,5000,0.008786526316293031,0.004632312344373563,-0.0017712903918378994,0.009949363204623763,0.014778607400093973,0.04056997435245822
15,0.01,100,10000,0.009498010086830672,0.0021522158946591075,0.03243262848061181,0.008975388565144385,0.01588100479741195,0.0856188626687736
15,0.01,500,1000,0.003313477849590584,0.008361388404742468,0.10966721216293328,0.003171941119209191,0.009210770633320556,0.03422882225046041
15,0.01,500,2000,0.0032586599898466882,0.009111762922271806,0.112279258968283,0.005048251631193867,0.009633922938505561,0.041651671060432806
15,0.01,500,5000,0.00435329524574587,0.007968412656202746,0.11078636549975591,0.00598189438769371,0.008890104387038689,0.04605547799645596
15,0.01,500,10000,0.0034025288472328595,0.0071157612309616005,0.12499544766279566,0.004386727698143671,0.00874005707682662,0.06974681960551302
15,0.01,1000,1000,0.0019981848005578865,0.004836133524662781,0.12416637629175627,0.0029302709401681014,0.006107978590745729,0.04110184142306303
15,0.01,1000,2000,0.002204162183072803,0.005201368663793032,0.13261719954623544,0.003223158723184842,0.005847552119779261,0.035952537255607764
15,0.01,1000,5000,0.002964616427308603,0.006500482932707981,0.12595625781822484,0.0037925432706668602,0.006439117844753978,0.041220245055321854
15,0.01,1000,10000,0.001875747329628308,0.004611869322406245,0.14460312731420452,0.002283749391499659,0.006676262246204056,0.0332405449513356
15,0.01,2000,1000,0.0010224103006970726,0.002458068656569197,0.11951467572547653,0.0014815856088171958,0.002536754239859171,0.046610535777842924
15,0.01,2000,2000,0.00101486973657386,0.00217033754133278,0.11289313231865479,0.0014510068293529816,0.0023137188975787507,0.049031297908859836
15,0.01,2000,5000,0.001029174946463292,0.002414565372623203,0.108493480839769,0.0012282982741585898,0.0031157113042911515,0.05369437570721663
15,0.01,2000,10000,0.0015519969813708092,0.002903710284447527,0.11297536071633427,0.0019632698745410994,0.003158543531500462,0.05588264783489967
15,0.1,100,1000,0.006811211311926317,0.0005878692502973317,0.007736850167305529,0.007011522446198426,0.015523407042389987,0.06450113378460387
15,0.1,100,2000,0.006979402135638373,-0.0015066790582372266,-0.005430818400851442,0.008468788764295564,0.012751690096770144,0.043561359455560604
15,0.1,100,5000,0.0074350281683847955,0.0074687712877574705,0.003923672505145299,0.009906905626488412,0.021527122480388707,0.043324775222788395
15,0.1,100,10000,0.00778585609896539,0.005910009940552555,0.0007702994875241547,0.009218461219097905,0.01381579449302337,0.059063738463049624
15,0.1,500,1000,0.006217492250667067,0.011444496942675388,0.09954685728277257,0.005853080334881478,0.012043422075703015,0.03772907481966672
15,0.1,500,2000,0.003565916047918538,0.006951354385903823,0.10434296868351499,0.00412707975999141,0.007651249499022313,0.033824622793917306
15,0.1,500,5000,0.004909634325206431,0.009189120373698451,0.10057121911593886,0.005621086545818594,0.010301454503569748,0.030195947395057886
15,0.1,500,10000,0.003317776506288607,0.009332210227705055,0.11580377510074669,0.003080092363134515,0.01057323947604148,0.040885523086760946
15,0.1,1000,1000,0.0024001398635599604,0.005871258341583019,0.13328437284066083,0.003076938806999268,0.006512535008952437,0.033732153226291486
15,0.1,1000,2000,0.0020317773532396587,0.006898656482346296,0.1296945035392084,0.0023164137032758614,0.008741768860385952,0.03563997322430316
15,0.1,1000,5000,0.0034616660480127153,0.004859223009696217,0.13592870464300413,0.004671992050119079,0.004759183713833775,0.036070326822067116
15,0.1,1000,10000,0.0032002203786905483,0.0062906943307283695,0.12956185902965955,0.005522401010059096,0.0073445896109999185,0.035619478502935294
15,0.1,2000,1000,0.0017989572303916531,0.003016022719402373,0.1207076682172091,0.0021120394771090905,0.0035672464253105555,0.04515333888694902
15,0.1,2000,2000,0.0011002288181959452,0.0014826595150255221,0.1090437844502349,0.001329265299338679,0.002118648470279747,0.05515061900829235
15,0.1,2000,5000,0.001064785153276217,0.0027088683738980975,0.11354743513108038,0.0012558559755711026,0.0033746549666751253,0.054201099722176835
15,0.1,2000,10000,0.0010440920023958556,0.0017216916252327124,0.11205257431710251,0.0013838604721143747,0.0023092207201505267,0.04832988390585994
15,0.5,100,1000,0.008936209091340228,0.009025646110599706,-0.0039501461420077535,0.00983167613502139,0.01846551061287913,0.03609013408383149
15,0.5,100,2000,0.008456202812113315,0.009166991942505994,-0.008846207595967333,0.009156542369236673,0.020280400546176088,0.032778808044301284
15,0.5,100,5000,0.009260333063434824,0.007432371481976354,0.0015598252370696692,0.008251841213061183,0.018459236830327314,0.051994104798669845
15,0.5,100,10000,0.008373167306018212,0.01125018081952454,0.0023248116869835768,0.012732898092534162,0.019130174141899565,0.04192563207583313
15,0.5,500,1000,0.004437523738628835,0.00932534021194591,0.10587283791987913,0.004361553628424635,0.00937031147851651,0.04183734206950442
15,0.5,500,2000,0.0032953515501170294,0.007400456966041723,0.1252602007566014,0.0038060432313887487,0.007884596072678551,0.053390890953200626
15,0.5,500,5000,0.004307482865345468,0.008375653182202528,0.10922244916242205,0.004967701079815424,0.008884750024977057,0.03708606667465754
15,0.5,500,10000,0.004130994226268539,0.007869756622710534,0.12864974462449752,0.005430363127393601,0.009063460259962016,0.06883519101552987
15,0.5,1000,1000,0.002071370123858465,0.005480001092136294,0.13302968031367743,0.002098022618372386,0.006836873689484853,0.0348778816247068
15,0.5,1000,2000,0.0026600755855645444,0.005003750614219574,0.12511473949362725,0.003796131126347574,0.005865585285438835,0.03813858004713154
15,0.5,1000,5000,0.002462675535517376,0.005303188020608532,0.12561499667388618,0.0029470014939470233,0.0070219426103705065,0.034836986716066734
15,0.5,1000,10000,0.002088410557861792,0.004847653069863018,0.13511299447327454,0.002721660762598237,0.006736730712685617,0.03373800504295222
15,0.5,2000,1000,0.001048420317341244,0.002018592452654371,0.12466319314868864,0.0012362442988878455,0.0027426543341658406,0.04464605464606388
15,0.5,2000,2000,0.001131082263109353,0.0018465345963157712,0.10454232184915245,0.001272163961160586,0.0026001788310993246,0.052289989258136785
15,0.5,2000,5000,0.0012557002735435563,0.0019823610353126146,0.1056992645496211,0.0015471135419704038,0.0026023288723853303,0.046479278995220794
15,0.5,2000,10000,0.0011356016197304206,0.0023712572195628934,0.12145287066259973,0.0016015591785415839,0.002770925653471617,0.049197661040176865
15,1.0,100,1000,0.007689405617871025,0.006787481711993971,0.0018392600316603166,0.011871750819040277,0.01831512464341677,0.04675491836503312
15,1.0,100,2000,0.007762132464566029,0.0028153911018998163,0.013071447964750897,0.008447106922579575,0.01317914564698147,0.06178269430765743
15,1.0,100,5000,0.0091897457180286,0.005177389645517877,0.004710991723490616,0.010204516068544675,0.0135961771101035,0.04750964061047941
15,1.0,100,10000,0.010388205317919109,0.0055418736736080635,0.0294785955402599,0.010934326728380789,0.014941333947803193,0.10840596471748183
15,1.0,500,1000,0.006654898549535049,0.010479215350122605,0.10582518908047671,0.0067798850769275575,0.010343835558480119,0.03620055436916009
15,1.0,500,2000,0.004492825302055825,0.007410656052537307,0.10757062816319979,0.005161860969028751,0.010305287917330338,0.040904516169012695
15,1.0,500,5000,0.0042360510894825535,0.007485817894967886,0.11594590239914156,0.005129778764193202,0.007017411916038009,0.03700538967275312
15,1.0,500,10000,0.003051659512235474,0.0081527169929445,0.09646350536169247,0.003235146207929014,0.008325654748255936,0.046661150359110636
15,1.0,1000,1000,0.0018972380422877376,0.003939793375178947,0.1383188230224103,0.002730707076383396,0.0039693264856182275,0.03411065087700288
15,1.0,1000,2000,0.002641820160617694,0.0059466178079765585,0.13386892504603376,0.0034188399782569562,0.007708820187108391,0.03373941250463101
15,1.0,1000,5000,0.0025292939999539423,0.006454770176991014,0.1480290705778762,0.0037331171289440614,0.007292849635888624,0.04519190135002119
15,1.0,1000,10000,0.002457611624955304,0.0077695456545239985,0.1319194959170205,0.0037480052058226298,0.008607939254814161,0.031504768010051636
15,1.0,2000,1000,0.0012762350746522747,0.00220261563229285,0.11205961519181987,0.0015829464066657668,0.0032226255684092917,0.05389923508271934
15,1.0,2000,2000,0.0014179751675854274,0.0029674093975303,0.11727981808306534,0.0015038296952958065,0.0033425815946722275,0.05220210850646117
15,1.0,2000,5000,0.0013285099255908742,0.0030520041573310077,0.10681256676161181,0.0017091085544404536,0.003141586543621072,0.05542132425120346
15,1.0,2000,10000,0.0011557701054793143,0.0020829317363923057,0.11611251843167789,0.0017512870316554487,0.002558523471352778,0.04939098174612431
15,10.0,100,1000,0.009235342306902346,0.00227177713458601,0.0043607756287634995,0.007600824827311842,0.013587049313715889,0.044857821572317394
15,10.0,100,2000,0.005843646182165469,0.00794473991676009,-0.001292976912633336,0.008339856614690177,0.01825339837695159,0.04273700290060512
15,10.0,100,5000,0.009873939376082566,0.0027750859917617205,0.011535882943517142,0.00990880896879402,0.012877902182713055,0.05722132793493367
15,10.0,100,10000,0.008877367988608956,0.003536105278099896,0.011872377630059813,0.008156174266989091,0.013771789309670697,0.05179203520664161
15,10.0,500,1000,0.0032465229831274917,0.007138535644320075,0.1124115018534879,0.002827005408762664,0.008031867851810797,0.03438924455302227
15,10.0,500,2000,0.0059427043044603224,0.011502085682033404,0.09866275133237651,0.0072716920714514886,0.011301037873646806,0.04176963445902669
15,10.0,500,5000,0.0036882376032869595,0.007490499382798678,0.11306004711182766,0.0038304891082206263,0.009091083791315643,0.036411965418017056
15,10.0,500,10000,0.003648552283893814,0.008232720702639994,0.11935089925196207,0.003700784172311566,0.008976921410979074,0.03782851513592312
15,10.0,1000,1000,0.002595272468511351,0.0053466312943892145,0.12107535315136751,0.003241261895867924,0.0073455849858699695,0.03526247151806582
15,10.0,1000,2000,0.002681733416337595,0.006888802957657044,0.12625301154901872,0.00380753129536697,0.00886855938215247,0.03367900814632545
15,10.0,1000,5000,0.0029793609565084774,0.006002009551095427,0.13484402765847286,0.003917607087648306,0.007505668025405213,0.03066166594873809
15,10.0,1000,10000,0.0015992678816897524,0.005119291613649224,0.13348782116950808,0.0014779313561054345,0.006391414806876673,0.05028390635302504
15,10.0,2000,1000,0.0010003476490379444,0.0028321973619666913,0.12303162093898867,0.0012165433579258938,0.00302507017168756,0.04651098964889301
15,10.0,2000,2000,0.0009605168782489921,0.002479429730257813,0.11969020483824011,0.0012971134010368822,0.002790325028279208,0.047611709124535696
15,10.0,2000,5000,0.0015007328126210458,0.0028200719097211673,0.11953688842327592,0.0019690499037007393,0.003500032094556488,0.05668008005284826
15,10.0,2000,10000,0.0009394855266222376,0.0020710265018490572,0.11439385186592867,0.0016481792143625152,0.003526859384570122,0.05037431291336745
20,0.01,100,1000,0.0037136928986705466,-0.003549028784215082,-0.013884467193657315,0.01004673851208262,0.0148713232027251,0.028633116661186363
20,0.01,100,2000,0.004028408042213558,-0.001959335187103306,-0.008106527409057625,0.009944511135284542,0.016180032693190807,0.044327518134573154
20,0.01,100,5000,0.007033398728656525,-0.0007742341109823517,-0.01315631384546591,0.008787973213949878,0.016365950869899802,0.02862232895341343
20,0.01,100,10000,0.004244113598822885,-0.003972527606165249,-0.00018086248803058342,0.00906454228284593,0.013794736027002612,0.039593702771711654
20,0.01,500,1000,0.0035815527194393336,0.005696144829411744,0.06017515026732426,0.0035226067986100567,0.005353363064623931,0.026001365992141447
20,0.01,500,2000,0.0036973696457022528,0.0063943480882245165,0.0589937650823549,0.003765328170331079,0.00679029843856233,0.025704122436320316
20,0.01,500,5000,0.003375812038670202,0.006252069531122101,0.06452988249081354,0.0031097830437461127,0.007239236501303531,0.05423525031901778
20,0.01,500,10000,0.004116714999254425,0.008289805190967456,0.06341113416957189,0.0033112688630385374,0.007003639645860676,0.041899352819676876
20,0.01,1000,1000,0.0021782261997679822,0.005140349460612486,0.08519859152814899,0.003322162238908622,0.006563934210227957,0.019681194752522314
20,0.01,1000,2000,0.002545854949666462,0.004318247879545974,0.08116610819026078,0.0029748737537832136,0.004938659657148319,0.024113296312478383
20,0.01,1000,5000,0.002483366593063836,0.005031676474792131,0.08466830611146682,0.0025673798144184704,0.0052226552490670045,0.0191819424311597
20,0.01,1000,10000,0.0024017175363108736,0.0045429673702302885,0.08587938032367981,0.003353246569923527,0.005971337170493576,0.016934004198567897
20,0.01,2000,1000,0.0010794447791192363,0.0019092431679501995,0.08132493258850387,0.001256336882089733,0.002520960592806348,0.034637927009216904
20,0.01,2000,2000,0.0013632961247571562,0.0019870382884522642,0.09698205542331001,0.0018722555687780027,0.0025066113991935126,0.03210511751346695
20,0.01,2000,5000,0.0015707757039244,0.003961189098433618,0.09663021192228055,0.002236131163841673,0.004804734955253626,0.028225405709881825
20,0.01,2000,10000,0.000742338671427823,0.00297976343891199,0.09593866983419844,0.0007475254496181359,0.0035158875851633424,0.03141327537185137
20,0.1,100,1000,0.001029405162929986,-0.0033778895976044505,-0.014595159338015693,0.00882635506309399,0.013559529115792513,0.030753003992632262
20,0.1,100,2000,0.0052808253147657415,-0.0015648480978028556,-0.01923446851357783,0.008910187107626831,0.014591350146222506,0.016032391801080757
20,0.1,100,5000,0.005230130486640546,-0.005159493591427504,-0.012091328249554511,0.011317682647026633,0.015392000173131097,0.030493127793056487
20,0.1,100,10000,0.0030246648752615085,-0.0027437803053820655,-0.011936863707602809,0.010232350917216334,0.01674045620428016,0.029245546138905912
20,0.1,500,1000,0.0034896307733942094,0.00655999984519887,0.07214570751043786,0.004136348251578836,0.007756685925227176,0.03263236123987545
20,0.1,500,2000,0.0037928562429170036,0.009340145470729411,0.058205565290353534,0.0035093647381092157,0.007568310634129669,0.025625588965915703
20,0.1,500,5000,0.004960913777871461,0.008336035532136035,0.05747845034039914,0.00486393586204881,0.008922632085934636,0.032506456126268735
20,0.1,500,10000,0.0034985559281081246,0.006893572753716397,0.06101555299648433,0.0035281757513603933,0.006338064932373573,0.04085402346967239
20,0.1,1000,1000,0.00210647531143381,0.005173668334439716,0.08023663671487846,0.0028905883860585887,0.005589547726210171,0.02045579417209481
20,0.1,1000,2000,0.0028692310545382193,0.005062641579984306,0.08958534429688307,0.00438438937612741,0.006521666715649464,0.019548034626562738
20,0.1,1000,5000,0.0017743541086657005,0.004335648830337627,0.08390612450475475,0.0018813153892592103,0.006230354890803717,0.01798676774277856
20,0.1,1000,10000,0.001821248545296248,0.0033608197424597236,0.08269761604571292,0.0025350544692098885,0.004421603679059367,0.02031516185493526
20,0.1,2000,1000,0.0017080443599675227,0.0028661265656571987,0.09389647587937047,0.0019523522285818126,0.0035467374202656247,0.030226003103582103
20,0.1,2000,2000,0.0011944023403126366,0.0026169950314322344,0.08738131657510953,0.0015647452625858458,0.0033056568778720165,0.031792037817238855
20,0.1,2000,5000,0.0009133777581674854,0.00230427369096585,0.09867589504851491,0.0011264978972997431,0.002516639481199999,0.02868221866898657
20,0.1,2000,10000,0.0012715873137201514,0.002251984335160817,0.09500201004011072,0.0015933428650595227,0.002523106643245405,0.030943359836411555
20,0.5,100,1000,0.0025464519799302974,-0.0038217903374204946,-0.007281458318274452,0.009042541554222683,0.013247869950457755,0.04942821141847031
20,0.5,100,2000,0.007270338796618778,-0.0018094552254919309,-0.00994390051083481,0.01255263653703246,0.012966766938604327,0.03925567558838338
20,0.5,100,5000,0.008199303695125684,0.0017543523825976498,-0.011174959634870484,0.010411232349730612,0.018957073915636138,0.03231142931702083
20,0.5,100,10000,0.004039389106423528,-0.005158700461155946,-0.01043572483120237,0.010435532080136103,0.012327067494457509,0.04097543797843003
20,0.5,500,1000,0.003982425904552781,0.007340773855020969,0.06831750276958572,0.0036716241958984186,0.00757359129950299,0.022516977215430705
20,0.5,500,2000,0.003181375579318387,0.007427793227107131,0.06486629079654556,0.0034790707528871215,0.007596645800826063,0.037532670453439505
20,0.5,500,5000,0.0037474183658567505,0.007772472369516843,0.06157101126439,0.0035687246930720044,0.006745143399993978,0.031625331506605195
20,0.5,500,10000,0.003304541996038772,0.006507417580721283,0.05820004300451962,0.0034792302371663406,0.007936315866133432,0.037480940002038964
20,0.5,1000,1000,0.0020676798138240865,0.004265397990188789,0.07948418216237858,0.0031130231592240423,0.005422366102906461,0.023579611888190962
20,0.5,1000,2000,0.0023146470822498324,0.0053396024362859385,0.08459870934046398,0.003277408450503826,0.005770924172146079,0.01927530063680216
20,0.5,1000,5000,0.0019083848857816812,0.004788282155569268,0.08660444535318743,0.002725228395118784,0.00645577442519157,0.018783921360330205
20,0.5,1000,10000,0.003137520289209646,0.004518128676222137,0.07693492256186679,0.004678839831371943,0.004816209515096256,0.022459042200279142
20,0.5,2000,1000,0.0010440618132136067,0.0024604895034456677,0.10162705120053081,0.0012441937851429682,0.003066060223773843,0.02769972181935349
20,0.5,2000,2000,0.0012576719600879806,0.0031253414182152556,0.10007363568715773,0.0016027851832402563,0.004003749177836008,0.031214156140127087
20,0.5,2000,5000,0.0014545088984246493,0.002021515775921656,0.09559652635960862,0.001877625407674141,0.002282707237107669,0.029025466300475457
20,0.5,2000,10000,0.0013315130216728594,0.002445741994271083,0.09033167686216112,0.001940400309576795,0.0032566333394880255,0.02773221499657088
20,1.0,100,1000,0.0010209382849572465,-0.0038276969593427847,-0.02012243667587228,0.0116071365656097,0.012437710059112364,0.019712242097987283
20,1.0,100,2000,0.003974999318900174,-0.0011162079535059733,-0.005655284444102899,0.010144917164574831,0.014408485253741082,0.049842051355390146
20,1.0,100,5000,0.0028271415287068023,-0.003856990583133721,-0.008130961625636389,0.00797714967937726,0.01426709543652185,0.038389461167827696
20,1.0,100,10000,0.005380686067176197,-0.0008457715688190031,-0.011992813283082958,0.010246938716053925,0.015469887841928915,0.031435724882038205
20,1.0,500,1000,0.0029885273632666077,0.0054804269716847995,0.06338794637907265,0.0023770555522933494,0.006273430643661411,0.033179887788735166
20,1.0,500,2000,0.003655150037674213,0.007169895279766718,0.057534173262079574,0.0032563852714194708,0.0069764223048977775,0.028596808376191735
20,1.0,500,5000,0.003482288518756377,0.006007870248437058,0.06403778752727436,0.003570296294139148,0.006057712174465397,0.0427972189978277
20,1.0,500,10000,0.0030407755638551612,0.006696094170065404,0.061345696151849524,0.0027858937598699255,0.007876089776374056,0.030493505948067007
20,1.0,1000,1000,0.0021866184697407996,0.006491771999080038,0.08487618191057265,0.0027007800876337165,0.006993018909603297,0.019031793653463955
20,1.0,1000,2000,0.0031763551876153474,0.00599992325179122,0.07972433219198756,0.0043322207000935494,0.006530106105799017,0.02021428242476648
20,1.0,1000,5000,0.0026538780324810354,0.004736986141696226,0.08521728465921406,0.002812355750967121,0.005494327420568358,0.018117532569458434
20,1.0,1000,10000,0.002076752263958569,0.0058659851612165685,0.08492816504688318,0.002347124244239434,0.00588986836376146,0.019492653386473754
20,1.0,2000,1000,0.0009912562075086687,0.002311744717177214,0.09786877920105107,0.001116459385410657,0.00306052933371741,0.030541702943436725
20,1.0,2000,2000,0.0022647742166214293,0.0040023948693988344,0.09395885376272263,0.003238633246808913,0.004805137165673409,0.03053621824093601
20,1.0,2000,5000,0.0007702794916096046,0.001881952175041076,0.08870551659981445,0.000612701563918502,0.002375122880029219,0.03337814168593325
20,1.0,2000,10000,0.0011819130209807266,0.003341435056632117,0.09243690649634939,0.00151690874372308,0.004093104971928214,0.03057920476032957
20,10.0,100,1000,0.006020045708857871,-0.002687631658817234,-0.013457884291599758,0.010880050769483979,0.013449500539357909,0.037444123459378996
20,10.0,100,2000,0.0023335009522784766,-0.00308615791872283,-0.0030837005738325127,0.009434076016597516,0.01702623483738217,0.07179092300293131
20,10.0,100,5000,-4.3040097884142274e-05,-0.0052393900828589055,-0.014330583149656738,0.010404687153054572,0.011155077858131903,0.026278087057782014
20,10.0,100,10000,0.00359645323421857,-0.005043563171592744,0.0024363288921957606,0.010554905314650918,0.012702330772739521,0.04876726749829093
20,10.0,500,1000,0.0037401879382324824,0.00861381696507571,0.05211663411207654,0.004143795976471625,0.009126034870378174,0.03178455632901303
20,10.0,500,2000,0.00379771404241888,0.0068677117753320185,0.05674924597258929,0.004070721233745706,0.0067964477735256625,0.025320583000976827
20,10.0,500,5000,0.00374664696530371,0.00706294346712874,0.0587442833858296,0.003548081981461701,0.009127464110038449,0.033206550683162916
20,10.0,500,10000,0.0036717208859530543,0.007194331945594673,0.07395636831289072,0.003692327088876934,0.007826056891067487,0.09371639309808151
20,10.0,1000,1000,0.0025833055231772074,0.004830981756851932,0.08426420053985006,0.003512370620971898,0.00596381265252485,0.020278705562556475
20,10.0,1000,2000,0.0024996546535353144,0.004232456162898478,0.08247461543110263,0.003264199689456763,0.004667129655414265,0.02087759382605917
20,10.0,1000,5000,0.0028117953389102664,0.004598689401428041,0.08677580282918798,0.0035481635941275076,0.005860495672791551,0.02298548576650194
20,10.0,1000,10000,0.003798427618009048,0.005756955105839976,0.08598283965649337,0.00513478488697681,0.00622987556824583,0.016514710032218057
20,10.0,2000,1000,0.0013498222938187982,0.0028054089970346247,0.0971356190571443,0.0017722326672347992,0.004099424789129224,0.026415286378181982
20,10.0,2000,2000,0.000780946739440268,0.0019090367566619514,0.08961307812177326,0.0008294491916533218,0.0023571847403973476,0.03071092196368224
20,10.0,2000,5000,0.0010271898957204156,0.001950486342301342,0.09040834603539763,0.0013859889862114546,0.002166227088149627,0.03385591659433561
20,10.0,2000,10000,0.0008125491277731563,0.0019168666955711215,0.09341053220755458,0.0009112294617300048,0.0024587340557879517,0.02932156543047759
